{
	"hyperparameters" :
	{
		"dropout" : 0.20000000298023224,
		"init_weight_range" : 0,
		"lambda" : 9.9999999747524271e-07,
		"learning_rate" : 0.0010000000474974513,
		"minibatch_size" : 32,
		"noise" : 0.05000000074505806
	},
	"input_geometry" :
	[
		28,
		28,
		1
	],
	"layers" :
	[
		{
			"geometry" :
			[
				3,
				3,
				8
			],
			"type" : "convolution",
			"weights_file_name" : "mnist_0/trained/layer_0"
		},
		{
			"type" : "relu",
			"weights_file_name" : "mnist_0/trained/layer_1"
		},
		{
			"geometry" :
			[
				2,
				2,
				1
			],
			"type" : "max_pooling",
			"weights_file_name" : "mnist_0/trained/layer_2"
		},
		{
			"geometry" :
			[
				3,
				3,
				16
			],
			"type" : "convolution",
			"weights_file_name" : "mnist_0/trained/layer_3"
		},
		{
			"type" : "relu",
			"weights_file_name" : "mnist_0/trained/layer_4"
		},
		{
			"geometry" :
			[
				3,
				3,
				16
			],
			"type" : "convolution",
			"weights_file_name" : "mnist_0/trained/layer_5"
		},
		{
			"type" : "relu",
			"weights_file_name" : "mnist_0/trained/layer_6"
		},
		{
			"geometry" :
			[
				2,
				2,
				1
			],
			"type" : "max_pooling",
			"weights_file_name" : "mnist_0/trained/layer_7"
		},
		{
			"geometry" :
			[
				3,
				3,
				32
			],
			"type" : "convolution",
			"weights_file_name" : "mnist_0/trained/layer_8"
		},
		{
			"type" : "relu",
			"weights_file_name" : "mnist_0/trained/layer_9"
		},
		{
			"type" : "dropout",
			"weights_file_name" : "mnist_0/trained/layer_10"
		},
		{
			"type" : "output",
			"weights_file_name" : "mnist_0/trained/layer_11"
		}
	],
	"network_log_file_name" : "mnist_0/network.log",
	"output_geometry" :
	[
		1,
		1,
		10
	]
}
