{
	"class_success_rate" : 
	[
		100,
		100,
		100,
		99.903099060058594,
		100,
		99.89154052734375,
		100,
		100,
		100,
		100
	],
	"confusion_matrix" : 
	[
		[
			972,
			0,
			0,
			0,
			0,
			0,
			0,
			0,
			0,
			0
		],
		[
			0,
			1137,
			0,
			0,
			0,
			0,
			0,
			0,
			0,
			0
		],
		[
			0,
			0,
			939,
			0,
			0,
			1,
			0,
			0,
			0,
			0
		],
		[
			0,
			0,
			0,
			1031,
			0,
			0,
			0,
			0,
			0,
			0
		],
		[
			0,
			0,
			0,
			0,
			998,
			0,
			0,
			0,
			0,
			0
		],
		[
			0,
			0,
			0,
			0,
			0,
			921,
			0,
			0,
			0,
			0
		],
		[
			0,
			0,
			0,
			0,
			0,
			0,
			994,
			0,
			0,
			0
		],
		[
			0,
			0,
			0,
			1,
			0,
			0,
			0,
			1028,
			0,
			0
		],
		[
			0,
			0,
			0,
			0,
			0,
			0,
			0,
			0,
			966,
			0
		],
		[
			0,
			0,
			0,
			0,
			0,
			0,
			0,
			0,
			0,
			1012
		]
	],
	"succes_result" : 99.980003356933594,
	"total_correct" : 9998,
	"total_wrong" : 2
}