{
	"class_success_rate" : 
	[
		100,
		100,
		100,
		99.896263122558594,
		100,
		99.771690368652344,
		100,
		99.913566589355469,
		99.89495849609375,
		100
	],
	"confusion_matrix" : 
	[
		[
			990,
			0,
			0,
			0,
			0,
			1,
			0,
			0,
			0,
			0
		],
		[
			0,
			1067,
			0,
			0,
			0,
			0,
			0,
			0,
			1,
			0
		],
		[
			0,
			0,
			998,
			0,
			0,
			0,
			0,
			1,
			0,
			0
		],
		[
			0,
			0,
			0,
			963,
			0,
			0,
			0,
			0,
			0,
			0
		],
		[
			0,
			0,
			0,
			0,
			1015,
			1,
			0,
			0,
			0,
			0
		],
		[
			0,
			0,
			0,
			1,
			0,
			874,
			0,
			0,
			0,
			0
		],
		[
			0,
			0,
			0,
			0,
			0,
			0,
			1013,
			0,
			0,
			0
		],
		[
			0,
			0,
			0,
			0,
			0,
			0,
			0,
			1156,
			0,
			0
		],
		[
			0,
			0,
			0,
			0,
			0,
			0,
			0,
			0,
			951,
			0
		],
		[
			0,
			0,
			0,
			0,
			0,
			0,
			0,
			0,
			0,
			968
		]
	],
	"succes_result" : 99.949996948242188,
	"total_correct" : 9995,
	"total_wrong" : 5
}