{
	"class_success_rate" : 
	[
		98.989898681640625,
		99.062789916992188,
		98.196395874023438,
		97.821578979492188,
		98.128082275390625,
		97.602737426757812,
		98.124382019042969,
		97.7528076171875,
		97.268905639648438,
		96.900825500488281
	],
	"confusion_matrix" : 
	[
		[
			980,
			0,
			0,
			1,
			0,
			4,
			3,
			0,
			4,
			3
		],
		[
			0,
			1057,
			4,
			0,
			1,
			0,
			1,
			3,
			5,
			0
		],
		[
			0,
			7,
			980,
			4,
			1,
			3,
			2,
			12,
			1,
			1
		],
		[
			2,
			0,
			1,
			943,
			0,
			2,
			0,
			0,
			1,
			3
		],
		[
			3,
			1,
			1,
			0,
			996,
			1,
			1,
			1,
			2,
			15
		],
		[
			0,
			0,
			0,
			6,
			0,
			855,
			10,
			0,
			6,
			4
		],
		[
			1,
			0,
			0,
			0,
			2,
			2,
			994,
			0,
			2,
			0
		],
		[
			0,
			1,
			5,
			6,
			0,
			0,
			0,
			1131,
			1,
			3
		],
		[
			4,
			1,
			6,
			4,
			0,
			7,
			2,
			0,
			926,
			1
		],
		[
			0,
			0,
			1,
			0,
			15,
			2,
			0,
			10,
			4,
			938
		]
	],
	"succes_result" : 98,
	"total_correct" : 9800,
	"total_wrong" : 200
}