{
	"hyperparameters" : 
	{
		"dropout" : 0.05000000074505806,
		"init_weight_range" : 0,
		"lambda" : 1.0000000116860974e-07,
		"learning_rate" : 0.00019999999494757503,
		"minibatch_size" : 32,
		"noise" : 0.05000000074505806
	},
	"input_geometry" : 
	[
		28,
		28,
		1
	],
	"layers" : 
	[
		{
			"geometry" : 
			[
				3,
				3,
				16
			],
			"type" : "convolution",
			"weights_file_name" : "mnist_0/trained/layer_0"
		},
		{
			"type" : "relu",
			"weights_file_name" : "mnist_0/trained/layer_1"
		},
		{
			"geometry" : 
			[
				2,
				2,
				1
			],
			"type" : "max_pooling",
			"weights_file_name" : "mnist_0/trained/layer_2"
		},
		{
			"geometry" : 
			[
				3,
				3,
				16
			],
			"type" : "convolution",
			"weights_file_name" : "mnist_0/trained/layer_3"
		},
		{
			"type" : "relu",
			"weights_file_name" : "mnist_0/trained/layer_4"
		},
		{
			"geometry" : 
			[
				2,
				2,
				1
			],
			"type" : "max_pooling",
			"weights_file_name" : "mnist_0/trained/layer_5"
		},
		{
			"geometry" : 
			[
				3,
				3,
				4
			],
			"type" : "convolution",
			"weights_file_name" : "mnist_0/trained/layer_6"
		},
		{
			"type" : "relu",
			"weights_file_name" : "mnist_0/trained/layer_7"
		},
		{
			"type" : "dropout",
			"weights_file_name" : "mnist_0/trained/layer_8"
		},
		{
			"geometry" : 
			[
				2,
				2,
				1
			],
			"type" : "unpooling",
			"weights_file_name" : "mnist_0/trained/layer_9"
		},
		{
			"geometry" : 
			[
				3,
				3,
				16
			],
			"type" : "convolution",
			"weights_file_name" : "mnist_0/trained/layer_10"
		},
		{
			"type" : "relu",
			"weights_file_name" : "mnist_0/trained/layer_11"
		},
		{
			"geometry" : 
			[
				2,
				2,
				1
			],
			"type" : "unpooling",
			"weights_file_name" : "mnist_0/trained/layer_12"
		},
		{
			"geometry" : 
			[
				3,
				3,
				16
			],
			"type" : "convolution",
			"weights_file_name" : "mnist_0/trained/layer_13"
		},
		{
			"type" : "relu",
			"weights_file_name" : "mnist_0/trained/layer_14"
		},
		{
			"geometry" : 
			[
				3,
				3,
				1
			],
			"type" : "convolution",
			"weights_file_name" : "mnist_0/trained/layer_15"
		}
	],
	"network_log_file_name" : "mnist_0/network.log",
	"output_geometry" : 
	[
		1,
		1,
		10
	]
}