{
	"class_success_rate" : 
	[
		99.0234375,
		98.350692749023438,
		98.358970642089844,
		98.347908020019531,
		97.330596923828125,
		98.273880004882812,
		98.227317810058594,
		95.903167724609375,
		96.72650146484375,
		97.693077087402344
	],
	"confusion_matrix" : 
	[
		[
			1014,
			0,
			2,
			0,
			2,
			0,
			1,
			0,
			3,
			1
		],
		[
			0,
			1133,
			1,
			0,
			1,
			1,
			1,
			9,
			4,
			0
		],
		[
			0,
			13,
			959,
			5,
			0,
			1,
			1,
			11,
			5,
			0
		],
		[
			1,
			0,
			4,
			1012,
			0,
			5,
			0,
			5,
			1,
			7
		],
		[
			3,
			0,
			1,
			0,
			948,
			0,
			2,
			4,
			4,
			6
		],
		[
			0,
			0,
			0,
			4,
			0,
			854,
			12,
			0,
			2,
			3
		],
		[
			2,
			1,
			0,
			0,
			3,
			6,
			942,
			0,
			7,
			0
		],
		[
			0,
			2,
			4,
			5,
			2,
			1,
			0,
			1030,
			1,
			5
		],
		[
			3,
			2,
			4,
			2,
			0,
			0,
			0,
			5,
			916,
			1
		],
		[
			1,
			1,
			0,
			1,
			18,
			1,
			0,
			10,
			4,
			974
		]
	],
	"succes_result" : 97.819999694824219,
	"total_correct" : 9782,
	"total_wrong" : 218
}