{
	"class_success_rate" : 
	[
		100,
		99.913192749023438,
		100,
		100,
		100,
		99.769851684570312,
		100,
		100,
		99.894401550292969,
		100
	],
	"confusion_matrix" : 
	[
		[
			1024,
			0,
			0,
			0,
			0,
			0,
			0,
			0,
			0,
			0
		],
		[
			0,
			1151,
			0,
			0,
			0,
			0,
			0,
			0,
			0,
			0
		],
		[
			0,
			1,
			975,
			0,
			0,
			0,
			0,
			0,
			1,
			0
		],
		[
			0,
			0,
			0,
			1029,
			0,
			0,
			0,
			0,
			0,
			0
		],
		[
			0,
			0,
			0,
			0,
			974,
			0,
			0,
			0,
			0,
			0
		],
		[
			0,
			0,
			0,
			0,
			0,
			867,
			0,
			0,
			0,
			0
		],
		[
			0,
			0,
			0,
			0,
			0,
			1,
			959,
			0,
			0,
			0
		],
		[
			0,
			0,
			0,
			0,
			0,
			1,
			0,
			1074,
			0,
			0
		],
		[
			0,
			0,
			0,
			0,
			0,
			0,
			0,
			0,
			946,
			0
		],
		[
			0,
			0,
			0,
			0,
			0,
			0,
			0,
			0,
			0,
			997
		]
	],
	"succes_result" : 99.959999084472656,
	"total_correct" : 9996,
	"total_wrong" : 4
}