{
	"class_success_rate" : 
	[
		99.384613037109375,
		99.377227783203125,
		99.382713317871094,
		98.400749206542969,
		98.832275390625,
		98.21826171875,
		99.261604309082031,
		98.816032409667969,
		99.498497009277344,
		98.779243469238281
	],
	"confusion_matrix" : 
	[
		[
			969,
			1,
			0,
			1,
			1,
			2,
			3,
			0,
			0,
			3
		],
		[
			0,
			1117,
			0,
			0,
			0,
			0,
			0,
			2,
			0,
			1
		],
		[
			0,
			4,
			966,
			5,
			0,
			1,
			0,
			7,
			2,
			0
		],
		[
			0,
			0,
			0,
			1046,
			0,
			2,
			0,
			0,
			0,
			0
		],
		[
			0,
			1,
			0,
			0,
			931,
			0,
			1,
			1,
			2,
			5
		],
		[
			0,
			0,
			0,
			1,
			0,
			882,
			1,
			0,
			0,
			1
		],
		[
			3,
			0,
			0,
			0,
			1,
			3,
			941,
			0,
			1,
			0
		],
		[
			0,
			1,
			4,
			2,
			1,
			0,
			0,
			1085,
			0,
			1
		],
		[
			1,
			0,
			1,
			3,
			1,
			5,
			2,
			0,
			992,
			1
		],
		[
			2,
			0,
			1,
			5,
			7,
			3,
			0,
			3,
			0,
			971
		]
	],
	"succes_result" : 99,
	"total_correct" : 9900,
	"total_wrong" : 100
}