{
	"class_success_rate" : 
	[
		99.335235595703125,
		99.228546142578125,
		98.719215393066406,
		98.403190612792969,
		98.375633239746094,
		99.356910705566406,
		99.405349731445312,
		99.710983276367188,
		97.515525817871094,
		97.920997619628906
	],
	"confusion_matrix" : 
	[
		[
			1046,
			0,
			0,
			1,
			1,
			0,
			2,
			0,
			0,
			5
		],
		[
			0,
			1029,
			2,
			0,
			1,
			0,
			0,
			0,
			1,
			1
		],
		[
			2,
			3,
			1002,
			6,
			0,
			0,
			0,
			0,
			1,
			0
		],
		[
			0,
			0,
			1,
			986,
			0,
			1,
			0,
			0,
			2,
			1
		],
		[
			0,
			0,
			0,
			0,
			969,
			0,
			1,
			2,
			2,
			4
		],
		[
			1,
			0,
			0,
			3,
			0,
			927,
			0,
			0,
			4,
			2
		],
		[
			1,
			1,
			1,
			0,
			2,
			2,
			1003,
			0,
			3,
			0
		],
		[
			0,
			4,
			6,
			4,
			0,
			2,
			0,
			1035,
			0,
			5
		],
		[
			2,
			0,
			2,
			1,
			1,
			1,
			3,
			0,
			942,
			2
		],
		[
			1,
			0,
			1,
			1,
			11,
			0,
			0,
			1,
			11,
			942
		]
	],
	"succes_result" : 98.80999755859375,
	"total_correct" : 9881,
	"total_wrong" : 119
}