{
    "epoch_count"               : 10,
    "sub_epoch_size"            : 5,
    "compare_top_5"             : false,

    "epoch_learning_rate_decay" : 8,
    "learning_rate_decay"       : 0.25,

    "network_architecture" :
    {
        "network_log_file_name" : "mnist_1/network.log",

        "input_geometry"     : [28, 28, 1],
        "output_geometry"    : [1, 1, 10],

        "hyperparameters" :
        {
          "init_weight_range" : 0.0,
          "learning_rate"     : 0.001,
          "lambda"            : 0.000001,
          "dropout"           : 0.2,
          "noise"             : 0.05,

          "minibatch_size"    : 32
        },

        "layers"         :
        [

          {
            "type"      : "convolution",
            "geometry"  : [3, 3, 8]
          },
          {
            "type"      : "relu"
          },
          {
            "type"      : "max_pooling",
            "geometry"  : [2, 2, 1]
          },


          {
            "type"      : "dense convolution",
            "geometry"  : [3, 3, 8]
          },
          {
            "type"      : "relu"
          },
          {
            "type"      : "dense convolution",
            "geometry"  : [3, 3, 8]
          },
          {
            "type"      : "relu"
          },


          {
            "type"      : "max_pooling",
            "geometry"  : [2, 2, 1]
          },

          {
            "type"      : "dense convolution",
            "geometry"  : [3, 3, 8]
          },
          {
            "type"      : "relu"
          },

          {
            "type"      : "dense convolution",
            "geometry"  : [3, 3, 8]
          },
          {
            "type"      : "relu"
          },

          {
            "type"      : "dense convolution",
            "geometry"  : [3, 3, 8]
          },
          {
            "type"      : "relu"
          },

          {
            "type"      : "dense convolution",
            "geometry"  : [3, 3, 8]
          },
          {
            "type"      : "relu"
          },


          {
            "type"      : "dropout"
          },

          {
            "type"      : "output"
          }

        ]
    }
}
